week,day,date,sleep_hours,deep_sleep_min,bedtime,wake_time,steps,resting_hr,active_min
1,1,2026-09-14,8.2,94,22:50,06:25,8120,58,34
1,2,2026-09-15,8.4,101,22:40,06:30,10340,57,41
1,3,2026-09-16,8.1,108,22:35,06:40,7650,56,28
1,4,2026-09-17,8.0,88,23:05,06:30,12210,58,55
1,5,2026-09-18,8.3,97,22:45,06:30,9870,57,38
1,6,2026-09-19,8.5,112,23:10,07:30,15420,59,72
1,7,2026-09-20,8.0,105,22:55,06:55,6230,56,22
2,1,2026-09-21,6.2,61,00:10,06:20,5400,63,15
2,2,2026-09-22,6.8,70,23:40,06:30,6120,62,20
2,3,2026-09-23,7.1,79,23:20,06:25,21050,60,98
2,4,2026-09-24,6.9,72,23:35,06:30,18440,61,85
2,5,2026-09-25,7.3,84,23:00,06:20,22870,59,104
2,6,2026-09-26,7.7,92,22:50,06:35,26310,58,121
2,7,2026-09-27,8.2,110,22:30,06:45,9020,57,40
