date,wake_time,sleep_hours,steps,resting_hr
2026-08-29,07:40,7.5,8432,66
2026-08-30,08:10,8.1,10230,64
2026-08-31,07:25,6.5,7400,68
2026-09-01,06:45,7.0,12050,70
2026-09-02,07:15,7.8,9100,65
2026-09-03,06:50,7.2,8800,66
2026-09-04,07:30,8.0,11200,67
2026-09-05,06:30,7.6,5400,58
2026-09-06,06:40,7.9,6200,57
2026-09-07,06:20,8.2,6800,56
2026-09-08,06:35,7.4,5900,59
2026-09-09,07:20,7.1,6100,58
2026-09-10,06:45,8.0,7000,57
2026-09-11,06:50,7.7,6300,59
2026-09-12,07:30,7.0,14500,66
2026-09-13,08:30,9.0,16200,63
2026-09-14,06:55,7.5,15000,62
2026-09-15,07:10,6.9,13800,65
2026-09-16,07:05,7.7,15600,61
2026-09-17,06:40,7.3,14900,64
2026-09-18,07:45,6.8,16100,68
2026-09-19,06:30,8.4,9200,56
2026-09-20,07:30,8.6,8800,58
2026-09-21,06:40,8.0,9100,55
2026-09-22,06:35,8.2,9400,57
2026-09-23,06:50,8.1,8700,54
2026-09-24,07:15,8.3,9600,59
2026-09-25,06:45,8.5,9000,56
